383498,Deadpool 2
402900,Ocean's Eight
466282,To All the Boys I've Loved Before
363088,Ant-Man and the Wasp
283995,Guardians of the Galaxy Vol. 2
293660,Deadpool
454983,The Kissing Booth
291805,Now You See Me 2
455980,Tag
523873,Kung Fu League
487558,BlacKkKlansman
98566,Teenage Mutant Ninja Turtles
269149,Zootopia
177572,Big Hero 6
270946,Penguins of Madagascar
445571,Game Night
353486,Jumanji: Welcome to the Jungle
808,Shrek
257344,Pixels
399174,Isle of Dogs
150540,Inside Out
455207,Crazy Rich Asians
400155,Hotel Transylvania 3: Summer Vacation
166426,Pirates of the Caribbean: Dead Men Tell No Tales
214756,Ted 2
207703,Kingsman: The Secret Service
181533,Night at the Museum: Secret of the Tomb
72105,Ted
425,Ice Age
339846,Baywatch
420814,Christopher Robin
159824,Hotel Transylvania 2
460668,I Feel Pretty
93456,Despicable Me 2
20352,Despicable Me
585,"Monsters, Inc."
449176,"Love, Simon"
238713,Spy
437557,Blockers
335797,Sing
194662,Birdman
454619,Overboard
260514,Cars 3
254470,Pitch Perfect 2
454992,The Spy Who Dumped Me
458423,Mamma Mia! Here We Go Again
10193,Toy Story 3
225886,Sex Tape
14160,Up
18785,The Hangover
920,Cars
507562,Crayon Shin-chan: Burst Serving! Kung Fu Boys ~Ramen Rebellion~
203801,The Man from U.N.C.L.E.
313369,La La Land
809,Shrek 2
122906,About Time
82702,How to Train Your Dragon 2
950,Ice Age: The Meltdown
76492,Hotel Transylvania
310,Bruce Almighty
13053,Bolt
391713,Lady Bird
324852,Despicable Me 3
43074,Ghostbusters
370567,Sherlock Gnomes
136799,Trolls
57800,Ice Age: Continental Drift
2062,Ratatouille
533246,Photo de famille
106646,The Wolf of Wall Street
434355,Taxi 5
62177,Brave
399170,Logan Lucky
8961,Bad Boys II
455656,#RealityHigh
301337,Downsizing
257445,Goosebumps
400579,Tully
8355,Ice Age: Dawn of the Dinosaurs
511785,Alex Strangelove
390043,The Hitman's Bodyguard
140300,Kung Fu Panda 3
127380,Finding Dory
19908,Zombieland
252838,The Wedding Ringer
10527,Madagascar: Escape 2 Africa
9502,Kung Fu Panda
474335,Uncle Drew
11631,Mamma Mia!
37834,Knight and Day
271718,Trainwreck
810,Shrek the Third
193893,Let's Be Cops
120467,The Grand Budapest Hotel
462919,Sierra Burgess Is a Loser
19913,(500) Days of Summer
77338,The Intouchables
325133,Neighbors 2: Sorority Rising
112160,Sexual Chronicles of a French Family
45243,The Hangover Part II
50022,Super Troopers 2
400928,Gifted
118,Charlie and the Chocolate Factory
787,Mr. & Mrs. Smith
146216,RED 2
364689,Ferdinand
278154,Ice Age: Collision Course
4247,Scary Movie
210860,Mortdecai
747,Shaun of the Dead
353616,Pitch Perfect 3
69646,Vaseegara
399796,Life of the Party
354861,Father Figures
50544,Friends with Benefits
9880,The Princess Diaries
194,Amélie
137116,Smurfs: The Lost Village
6957,The 40 Year Old Virgin
49013,Cars 2
308531,Teenage Mutant Ninja Turtles: Out of the Shadows
431530,A Bad Moms Christmas
10192,Shrek Forever After
35,The Simpsons Movie
7453,The Hitchhiker's Guide to the Galaxy
249635,Seven Street Fighters
9928,Robots
472918,Wiro Sableng: 212 Warrior
18360,Night at the Museum: Battle of the Smithsonian
10555,Shark Tale
71552,American Reunion
502682,Book Club
503619,The Package
342473,Ballerina
7518,Over the Hedge
417644,CHiPS
337170,American Made
324849,The Lego Batman Movie
256961,Paul Blart: Mall Cop 2
41630,No Strings Attached
1267,Meet the Robinsons
9522,Wedding Crashers
109439,The Hangover Part III
346648,Paddington 2
378236,The Emoji Movie
9023,Spirit: Stallion of the Cimarron
334533,Captain Fantastic
384677,Set It Up
10591,The Girl Next Door
64688,21 Jump Street
538604,The After Party
10201,Yes Man
82690,Wreck-It Ralph
49519,The Croods
387592,Early Man
541495,The Man Who Feels No Pain
339404,The Layover
274167,Daddy's Home
353069,Mother's Day
137106,The Lego Movie
7512,Idiocracy
46195,Rio
10625,Mean Girls
376659,Bad Moms
10315,Fantastic Mr. Fox
200727,"Love, Rosie"
227159,Horrible Bosses 2
109414,This Is the End
80321,Madagascar 3: Europe's Most Wanted
2770,American Pie 2
1824,50 First Dates
412988,The Happytime Murders
503314,Dragon Ball Super: Broly
290762,Miss You Already
454283,Action Point
138832,We're the Millers
50546,Just Go with It
537734,The Weekend
350,The Devil Wears Prada
1593,Night at the Museum
22970,The Cabin in the Woods
10096,13 Going on 30
218746,Young Mother
22705,Cheeky
7443,Chicken Run
11688,The Emperor's New Groove
416477,The Big Sick
11430,The Lion King 1½
4257,Scary Movie 4
268531,Captain Underpants: The First Epic Movie
223702,Sausage Party
11836,The SpongeBob SquarePants Movie
371638,The Disaster Artist
22538,Scott Pilgrim vs. the World
95610,Bridget Jones's Baby
100042,Dumb and Dumber To
419680,Daddy's Home 2
364433,They Call Me Jeeg
418827,Sister's Younger Husband
228165,The SpongeBob Movie: Sponge Out of Water
9836,Happy Feet
608,Men in Black II
10808,Dr. Dolittle 2
114150,Pitch Perfect
50647,Wanderlust
818,Austin Powers in Goldmember
9982,Chicken Little
109418,Grown Ups 2
107985,The World's End
228967,The Interview
9353,Nacho Libre
41154,Men in Black 3
302699,Central Intelligence
17899,"Sex, Party and Lies"
4258,Scary Movie 5
402897,The Death of Stalin
11775,Intolerable Cruelty
340022,Gringo
429733,Mayhem
134374,Pain & Gain
356305,Why Him?
8275,American Pie Presents: The Naked Mile
4944,Burn After Reading
456086,Support the Girls
8273,American Wedding
59436,Midnight in Paris
88751,Journey to the Center of the Earth
41513,The Smurfs
218836,Planes: Fire & Rescue
4638,Hot Fuzz
196867,Annie
436931,Pokémon the Movie: I Choose You!
23023,Tooth Fairy
270487,"Hail, Caesar!"
390059,Permission
397422,Rough Night
4248,Scary Movie 2
261392,American Ultra
43593,Piranha 3D
518452,Like Father
4327,Charlie's Angels
433310,When We First Met
38055,Megamind
414919,Hart Beat
195589,Neighbors
384682,Office Christmas Party
6477,Alvin and the Chipmunks
11774,Lemony Snicket's A Series of Unfortunate Events
39514,RED
37735,Easy A
531949,Father of the Year
10040,Miss Congeniality 2: Armed and Fabulous
469052,Gaston Lagaffe
507143,Candy Jar
11817,Bulletproof Monk
10501,The Road to El Dorado
463053,Ibiza
187017,22 Jump Street
4256,Scary Movie 3
9472,DodgeBall: A True Underdog Story
542439,Next Gen
318846,The Big Short
82693,Silver Linings Playbook
253344,Some Kind of Beautiful
89492,This Is 40
15165,Barbie as The Princess & the Pauper
533,Wallace & Gromit: The Curse of the Were-Rabbit
8277,American Pie Presents: Beta House
9870,Forgetting Sarah Marshall
8363,Superbad
138697,Don Jon
257211,The Intern
50646,"Crazy, Stupid, Love."
228161,Home
332210,Storks
376660,The Edge of Seventeen
224141,Into the Woods
14442,Ella Enchanted
116745,The Secret Life of Walter Mitty
35056,Date Night
259694,How to Be Single
4523,Enchanted
14411,Sinbad: Legend of the Seven Seas
452773,Tad the Lost Explorer and the Secret of King Midas
11452,National Lampoon's Van Wilder
11024,Scooby-Doo 2: Monsters Unleashed
490450,Big Bang
417830,Diary of a Wimpy Kid: The Long Haul
9757,Norbit
256591,Focus
11283,Nanny McPhee
209244,Are You Here
437670,Suck Me Shakespeer 3
460793,Olaf's Frozen Adventure
62213,Dark Shadows
290250,The Nice Guys
8584,Shanghai Noon
134,"O Brother, Where Art Thou?"
22794,Cloudy with a Chance of Meatballs
239563,St. Vincent
